{"cameraMode":{"drawMode":0,"name":"Shaded","section":"Shading Mode"},"sceneLighting":false,"audioPlay":false,"sceneViewState":{"m_AlwaysRefresh":false,"showFog":true,"showSkybox":false,"showFlares":true,"showImageEffects":true,"showParticleSystems":true,"showVisualEffectGraphs":true,"m_FxEnabled":true},"in2DMode":false,"pivot":{"x":0.37322384119033816,"y":-0.1686849147081375,"z":-0.8151384592056274},"rotation":{"x":-0.003221424762159586,"y":0.9950997233390808,"z":-0.03465281054377556,"w":-0.09250962734222412},"size":1.7407407760620118,"orthographic":false}