{"cameraMode":{"drawMode":0,"name":"Shaded","section":"Shading Mode"},"sceneLighting":true,"audioPlay":false,"sceneViewState":{"m_AlwaysRefresh":false,"showFog":true,"showSkybox":true,"showFlares":true,"showImageEffects":true,"showParticleSystems":true,"showVisualEffectGraphs":true,"m_FxEnabled":true},"in2DMode":false,"pivot":{"x":0.8417627811431885,"y":-0.7623658180236816,"z":1.7304877042770386},"rotation":{"x":-0.03322916105389595,"y":0.9659125208854675,"z":-0.1596565544605255,"w":-0.20103397965431214},"size":1.4838194847106934,"orthographic":false}