{"cameraMode":{"drawMode":0,"name":"Shaded","section":"Shading Mode"},"sceneLighting":true,"audioPlay":false,"sceneViewState":{"m_AlwaysRefresh":false,"showFog":true,"showSkybox":true,"showFlares":true,"showImageEffects":true,"showParticleSystems":true,"showVisualEffectGraphs":true,"m_FxEnabled":true},"in2DMode":false,"pivot":{"x":5.710418701171875,"y":1.9638028144836426,"z":8.156880378723145},"rotation":{"x":0.2592392861843109,"y":0.06254424154758454,"z":-0.016803676262497903,"w":0.9635974168777466},"size":4.680922985076904,"orthographic":false}